{"cameraMode":{"drawMode":0,"name":"Shaded","section":"Shading Mode"},"sceneLighting":true,"audioPlay":false,"sceneViewState":{"showFog":true,"showMaterialUpdate":false,"showSkybox":true,"showFlares":true,"showImageEffects":true,"showParticleSystems":true},"in2DMode":false,"pivot":{"x":111.4719467163086,"y":-19.192733764648439,"z":117.4004135131836},"rotation":{"x":0.029015056788921357,"y":0.941241443157196,"z":-0.32588332891464236,"w":0.0838034451007843},"size":136.6591339111328,"orthographic":false}